{
    "OTHER": {
        "VNS_Flexible": 741.0140416275128,
        "LNS": 71.91311934550006,
        "Tabu_Search": 663.866930366606,
        "CLONALG": 89.19126374647617
    },
    "NO_ERRORS": {
        "VNS_Flexible": 0.0,
        "LNS": 0.0,
        "Tabu_Search": 0.0,
        "CLONALG": 0.0
    },
    "UNPLACED_LECTURES": {
        "VNS_Flexible": 172.92793483279553,
        "LNS": 1098.850714588761,
        "Tabu_Search": 174.49977664158268,
        "CLONALG": 0.0
    }
}